source,strategy,src_codec,src_pix,res,fps,src_dur_s,out_codec,out_pix,container,gop_frames,elapsed_s,realtime_x,enc_fps,cpu_pct,gpu_pct,src_mb,out_mb,size_x,out_mbps,seek_med_ms,seek_p95_ms,seek_max_ms,spawn_ms,status
bbb_4k60_av1,remux_mp4,av1,yuv420p,3840x2160,60.0,66.03,av1,yuv420p,mp4,-,0.11,586.19,35170.9,-1,-1,72.1,72.2,1.001,8.75,163.4,350.1,358.9,65.9,ok
bbb_4k60_av1,mpeg4_g250ms,av1,yuv420p,3840x2160,60.0,66.03,mpeg4,yuv420p,mp4,15,14.73,4.48,269.0,89.0,67.2,72.1,225.0,3.12,27.26,123.1,153.2,163.9,92.5,ok
bbb_4k60_av1,mpeg4_g500ms,av1,yuv420p,3840x2160,60.0,66.03,mpeg4,yuv420p,mp4,30,14.45,4.57,274.2,83.0,89.1,72.1,189.0,2.62,22.9,139.5,163.4,170.6,98.2,ok
bbb_4k60_av1,mpeg4_g1000ms,av1,yuv420p,3840x2160,60.0,66.03,mpeg4,yuv420p,mp4,60,14.77,4.47,268.3,85.8,85.6,72.1,170.5,2.365,20.66,140.4,174.0,188.4,110.9,ok
bbb_4k60_av1,mpeg4_g500ms_q5,av1,yuv420p,3840x2160,60.0,66.03,mpeg4,yuv420p,mp4,30,14.18,4.66,279.4,81.9,86.9,72.1,163.3,2.265,19.79,143.2,160.4,184.4,90.1,ok
bbb_4k60_av1,av1_nvenc_g500ms,av1,yuv420p,3840x2160,60.0,66.03,av1,yuv420p,mp4,30,17.75,3.72,223.2,37.9,96.5,72.1,181.8,2.521,22.03,128.4,202.3,262.0,61.5,ok
bbb_4k60_av1,av1_nvenc_g1000ms,av1,yuv420p,3840x2160,60.0,66.03,av1,yuv420p,mp4,60,18.22,3.62,217.4,38.9,96.4,72.1,164.9,2.286,19.97,148.3,287.3,357.2,65.2,ok
bbb_4k60_av1,av1_nvenc_g500ms_p4,av1,yuv420p,3840x2160,60.0,66.03,av1,yuv420p,mp4,30,24.97,2.65,158.7,35.7,95.7,72.1,183.7,2.547,22.26,207.1,334.7,375.7,74.1,ok
bbb_4k60_av1,svtav1_p12_g500ms,av1,yuv420p,3840x2160,60.0,66.03,av1,yuv420p,mp4,30,49.14,1.34,80.6,82.0,87.7,72.1,84.4,1.17,10.22,104.9,176.2,189.7,69.5,ok
bbb_4k60_av1,vp9_rt_g500ms,av1,yuv420p,3840x2160,60.0,66.03,vp9,yuv420p,mkv,30,35.37,1.87,112.0,89.4,90.9,72.1,127.3,1.765,15.42,185.9,268.7,311.0,121.7,ok
bbb_4k60_vp9,remux_mp4,vp9,yuv420p,3840x2160,60.0,66.03,vp9,yuv420p,mp4,-,0.15,426.27,25575.8,-1,-1,123.3,123.4,1.0,14.95,266.7,520.1,586.3,113.7,ok
bbb_4k60_vp9,mpeg4_g250ms,vp9,yuv420p,3840x2160,60.0,66.03,mpeg4,yuv420p,mp4,15,13.13,5.03,301.7,80.2,96.5,123.3,227.7,1.846,27.59,131.8,155.9,168.5,95.6,ok
bbb_4k60_vp9,mpeg4_g500ms,vp9,yuv420p,3840x2160,60.0,66.03,mpeg4,yuv420p,mp4,30,13.55,4.87,292.4,81.1,93.3,123.3,191.2,1.55,23.16,139.3,158.5,169.2,96.9,ok
bbb_4k60_vp9,mpeg4_g1000ms,vp9,yuv420p,3840x2160,60.0,66.03,mpeg4,yuv420p,mp4,60,15.97,4.13,248.1,81.8,94.1,123.3,172.4,1.397,20.88,144.6,163.3,174.5,95.0,ok
bbb_4k60_vp9,mpeg4_g500ms_q5,vp9,yuv420p,3840x2160,60.0,66.03,mpeg4,yuv420p,mp4,30,14.96,4.41,264.9,88.9,97.2,123.3,164.5,1.334,19.93,141.0,173.9,181.0,98.2,ok
bbb_4k60_vp9,av1_nvenc_g500ms,vp9,yuv420p,3840x2160,60.0,66.03,av1,yuv420p,mp4,30,12.43,5.31,318.8,36.8,95.5,123.3,186.8,1.514,22.63,111.8,184.1,214.2,63.2,ok
bbb_4k60_vp9,av1_nvenc_g1000ms,vp9,yuv420p,3840x2160,60.0,66.03,av1,yuv420p,mp4,60,8.01,8.24,494.6,37.6,92.8,123.3,169.8,1.377,20.57,144.7,266.7,364.6,59.8,ok
bbb_4k60_vp9,av1_nvenc_g500ms_p4,vp9,yuv420p,3840x2160,60.0,66.03,av1,yuv420p,mp4,30,28.44,2.32,139.3,26.6,85.9,123.3,189.7,1.538,22.99,183.2,294.0,349.7,66.5,ok
bbb_4k60_vp9,svtav1_p12_g500ms,vp9,yuv420p,3840x2160,60.0,66.03,av1,yuv420p,mp4,30,45.48,1.45,87.1,82.0,77.0,123.3,85.9,0.696,10.4,105.4,160.5,193.0,70.6,ok
bbb_4k60_vp9,vp9_rt_g500ms,vp9,yuv420p,3840x2160,60.0,66.03,vp9,yuv420p,mkv,30,26.44,2.5,149.8,73.5,77.5,123.3,129.6,1.051,15.7,169.7,238.7,279.5,111.6,ok
factorio_1440p60_vp9,remux_mp4,vp9,yuv420p,2560x1440,59.739,64.14,vp9,yuv420p,mp4,-,0.11,579.07,34593.6,-1,-1,66.8,66.9,1.001,8.34,339.9,505.4,1258.4,120.9,ok
factorio_1440p60_vp9,mpeg4_g250ms,vp9,yuv420p,2560x1440,59.739,64.14,mpeg4,yuv420p,mp4,15,6.58,9.74,582.1,67.2,57.1,66.8,223.6,3.347,27.88,78.5,91.7,98.3,64.7,ok
factorio_1440p60_vp9,mpeg4_g500ms,vp9,yuv420p,2560x1440,59.739,64.14,mpeg4,yuv420p,mp4,30,6.52,9.84,588.1,63.7,83.0,66.8,166.6,2.494,20.78,82.1,102.1,127.1,67.1,ok
factorio_1440p60_vp9,mpeg4_g1000ms,vp9,yuv420p,2560x1440,59.739,64.14,mpeg4,yuv420p,mp4,60,6.7,9.57,571.7,69.4,18.4,66.8,138.4,2.072,17.26,82.8,109.5,115.8,64.2,ok
factorio_1440p60_vp9,mpeg4_g500ms_q5,vp9,yuv420p,2560x1440,59.739,64.14,mpeg4,yuv420p,mp4,30,6.36,10.09,602.8,63.3,2.9,66.8,106.4,1.593,13.27,79.2,89.7,109.9,62.4,ok
factorio_1440p60_vp9,av1_nvenc_g500ms,vp9,yuv420p,2560x1440,59.739,64.14,av1,yuv420p,mp4,30,6.67,9.62,574.5,35.3,56.1,66.8,173.7,2.6,21.66,146.5,198.2,229.2,58.0,ok
factorio_1440p60_vp9,av1_nvenc_g1000ms,vp9,yuv420p,2560x1440,59.739,64.14,av1,yuv420p,mp4,60,6.37,10.07,601.5,29.4,59.5,66.8,143.4,2.147,17.89,184.4,313.2,373.1,60.4,ok
factorio_1440p60_vp9,av1_nvenc_g500ms_p4,vp9,yuv420p,2560x1440,59.739,64.14,av1,yuv420p,mp4,30,10.21,6.29,375.5,37.2,47.1,66.8,174.2,2.607,21.72,148.5,209.0,253.5,61.2,ok
factorio_1440p60_vp9,svtav1_p12_g500ms,vp9,yuv420p,2560x1440,59.739,64.14,av1,yuv420p,mp4,30,19.64,3.27,195.1,80.2,0.8,66.8,138.4,2.072,17.26,100.2,134.7,178.1,80.8,ok
factorio_1440p60_vp9,vp9_rt_g500ms,vp9,yuv420p,2560x1440,59.739,64.14,vp9,yuv420p,mkv,30,15.49,4.14,247.3,77.4,0.0,66.8,137.3,2.055,17.12,155.3,194.3,210.4,124.1,ok
game_1080p60_av1,remux_mp4,av1,yuv420p,1920x1080,60.0,60.5,av1,yuv420p,mp4,-,0.05,1114.22,66848.7,-1,-1,8.2,8.3,1.006,1.09,77.0,141.2,166.5,41.8,ok
game_1080p60_av1,mpeg4_g250ms,av1,yuv420p,1920x1080,60.0,60.5,mpeg4,yuv420p,mp4,15,2.74,22.05,1323.1,86.4,0.0,8.2,74.2,9.024,9.81,61.4,68.5,79.6,53.9,ok
game_1080p60_av1,mpeg4_g500ms,av1,yuv420p,1920x1080,60.0,60.5,mpeg4,yuv420p,mp4,30,2.73,22.13,1327.8,84.6,0.0,8.2,62.7,7.619,8.29,62.1,71.1,87.7,54.4,ok
game_1080p60_av1,mpeg4_g1000ms,av1,yuv420p,1920x1080,60.0,60.5,mpeg4,yuv420p,mp4,60,2.76,21.95,1317.1,85.7,0.0,8.2,57.0,6.925,7.53,65.8,76.2,85.6,56.3,ok
game_1080p60_av1,mpeg4_g500ms_q5,av1,yuv420p,1920x1080,60.0,60.5,mpeg4,yuv420p,mp4,30,2.82,21.43,1286.0,85.6,0.0,8.2,50.4,6.133,6.67,61.3,72.0,83.5,60.2,ok
game_1080p60_av1,av1_nvenc_g500ms,av1,yuv420p,1920x1080,60.0,60.5,av1,yuv420p,mp4,30,3.71,16.33,979.7,45.6,48.2,8.2,51.5,6.263,6.81,81.7,125.8,139.7,47.0,ok
game_1080p60_av1,av1_nvenc_g1000ms,av1,yuv420p,1920x1080,60.0,60.5,av1,yuv420p,mp4,60,3.71,16.31,978.8,48.4,48.2,8.2,46.9,5.703,6.2,102.0,160.5,196.1,43.6,ok
game_1080p60_av1,av1_nvenc_g500ms_p4,av1,yuv420p,1920x1080,60.0,60.5,av1,yuv420p,mp4,30,5.68,10.66,639.6,44.7,41.4,8.2,48.5,5.894,6.41,76.9,117.0,137.3,40.2,ok
game_1080p60_av1,svtav1_p12_g500ms,av1,yuv420p,1920x1080,60.0,60.5,av1,yuv420p,mp4,30,8.53,7.09,425.6,82.3,2.5,8.2,24.4,2.963,3.22,53.1,67.1,76.9,52.3,ok
game_1080p60_av1,vp9_rt_g500ms,av1,yuv420p,1920x1080,60.0,60.5,vp9,yuv420p,mkv,30,7.52,8.04,482.4,71.4,4.8,8.2,34.4,4.184,4.55,82.4,97.6,147.5,73.1,ok
game_1440p60_vp9,remux_mp4,vp9,yuv420p,2560x1440,60.0,60.5,vp9,yuv420p,mp4,-,0.09,669.17,40147.4,-1,-1,22.8,22.8,1.002,3.02,161.2,357.2,400.5,86.5,ok
game_1440p60_vp9,mpeg4_g250ms,vp9,yuv420p,2560x1440,60.0,60.5,mpeg4,yuv420p,mp4,15,4.79,12.62,757.4,84.4,3.4,22.8,111.7,4.899,14.77,81.7,96.5,99.7,66.9,ok
game_1440p60_vp9,mpeg4_g500ms,vp9,yuv420p,2560x1440,60.0,60.5,mpeg4,yuv420p,mp4,30,4.65,13.02,781.4,82.8,2.6,22.8,94.5,4.145,12.49,87.2,98.9,103.3,65.5,ok
game_1440p60_vp9,mpeg4_g1000ms,vp9,yuv420p,2560x1440,60.0,60.5,mpeg4,yuv420p,mp4,60,4.67,12.94,776.5,83.0,3.1,22.8,85.9,3.768,11.36,91.3,112.7,119.3,77.9,ok
game_1440p60_vp9,mpeg4_g500ms_q5,vp9,yuv420p,2560x1440,60.0,60.5,mpeg4,yuv420p,mp4,30,5.24,11.54,692.6,90.5,4.1,22.8,80.8,3.545,10.69,90.0,103.1,112.8,71.1,ok
game_1440p60_vp9,av1_nvenc_g500ms,vp9,yuv420p,2560x1440,60.0,60.5,av1,yuv420p,mp4,30,6.01,10.06,603.7,54.1,56.3,22.8,77.7,3.41,10.28,118.5,201.0,223.8,57.4,ok
game_1440p60_vp9,av1_nvenc_g1000ms,vp9,yuv420p,2560x1440,60.0,60.5,av1,yuv420p,mp4,60,6.21,9.75,584.9,39.1,61.2,22.8,70.6,3.097,9.33,116.7,235.4,295.4,45.1,ok
game_1440p60_vp9,av1_nvenc_g500ms_p4,vp9,yuv420p,2560x1440,60.0,60.5,av1,yuv420p,mp4,30,14.79,4.09,245.4,26.9,88.1,22.8,74.3,3.261,9.83,95.8,166.0,184.8,45.5,ok
game_1440p60_vp9,svtav1_p12_g500ms,vp9,yuv420p,2560x1440,60.0,60.5,av1,yuv420p,mp4,30,14.22,4.25,255.2,72.9,69.7,22.8,35.2,1.545,4.66,62.0,91.6,1062.6,47.9,ok
game_1440p60_vp9,vp9_rt_g500ms,vp9,yuv420p,2560x1440,60.0,60.5,vp9,yuv420p,mkv,30,10.8,5.6,336.0,74.8,74.4,22.8,52.1,2.286,6.89,93.3,123.6,132.7,67.9,ok
game_4k60_vp9,remux_mp4,vp9,yuv420p,3840x2160,60.0,60.5,vp9,yuv420p,mp4,-,0.07,809.16,48546.5,-1,-1,38.7,38.8,1.001,5.13,301.0,585.0,712.7,113.1,ok
game_4k60_vp9,mpeg4_g250ms,vp9,yuv420p,3840x2160,60.0,60.5,mpeg4,yuv420p,mp4,15,9.69,6.25,374.7,69.9,68.8,38.7,193.9,5.007,25.64,108.1,135.5,149.7,81.5,ok
game_4k60_vp9,mpeg4_g500ms,vp9,yuv420p,3840x2160,60.0,60.5,mpeg4,yuv420p,mp4,30,9.5,6.37,382.2,71.3,91.2,38.7,164.0,4.235,21.68,115.8,146.7,155.9,84.3,ok
game_4k60_vp9,mpeg4_g1000ms,vp9,yuv420p,3840x2160,60.0,60.5,mpeg4,yuv420p,mp4,60,9.93,6.09,365.5,73.5,66.0,38.7,149.0,3.848,19.7,129.9,152.4,163.7,92.8,ok
game_4k60_vp9,mpeg4_g500ms_q5,vp9,yuv420p,3840x2160,60.0,60.5,mpeg4,yuv420p,mp4,30,10.79,5.61,336.6,77.5,79.8,38.7,159.8,4.128,21.13,116.0,141.3,153.9,82.8,ok
game_4k60_vp9,av1_nvenc_g500ms,vp9,yuv420p,3840x2160,60.0,60.5,av1,yuv420p,mp4,30,9.83,6.16,369.5,26.2,94.1,38.7,133.5,3.448,17.65,104.9,191.1,213.3,51.1,ok
game_4k60_vp9,av1_nvenc_g1000ms,vp9,yuv420p,3840x2160,60.0,60.5,av1,yuv420p,mp4,60,10.47,5.78,346.8,24.7,95.8,38.7,122.0,3.151,16.13,138.9,271.6,324.9,53.4,ok
game_4k60_vp9,av1_nvenc_g500ms_p4,vp9,yuv420p,3840x2160,60.0,60.5,av1,yuv420p,mp4,30,28.14,2.15,129.0,28.9,88.3,38.7,129.0,3.332,17.06,157.2,307.1,336.9,61.2,ok
game_4k60_vp9,svtav1_p12_g500ms,vp9,yuv420p,3840x2160,60.0,60.5,av1,yuv420p,mp4,30,39.15,1.55,92.7,75.0,42.4,38.7,53.6,1.385,7.09,88.1,118.3,149.8,63.0,ok
game_4k60_vp9,vp9_rt_g500ms,vp9,yuv420p,3840x2160,60.0,60.5,vp9,yuv420p,mkv,30,21.44,2.82,169.3,71.3,7.1,38.7,89.3,2.305,11.8,139.4,177.8,181.1,93.8,ok
hdr_4k60_vp9_10bit,remux_mp4,vp9,yuv420p10le,3840x2160,59.94,66.1,vp9,yuv420p10le,mp4,-,0.21,316.05,18943.6,-1,-1,238.2,238.2,1.0,28.83,445.6,914.0,1087.5,123.8,ok
hdr_4k60_vp9_10bit,mpeg4_g250ms,vp9,yuv420p10le,3840x2160,59.94,66.1,mpeg4,yuv420p,mp4,15,23.66,2.79,167.5,91.3,6.8,238.2,802.0,3.368,97.06,125.6,153.1,171.9,92.8,ok
hdr_4k60_vp9_10bit,mpeg4_g500ms,vp9,yuv420p10le,3840x2160,59.94,66.1,mpeg4,yuv420p,mp4,30,25.52,2.59,155.3,94.5,1.6,238.2,741.2,3.112,89.71,140.8,172.4,178.4,104.6,ok
hdr_4k60_vp9_10bit,mpeg4_g1000ms,vp9,yuv420p10le,3840x2160,59.94,66.1,mpeg4,yuv420p,mp4,60,26.04,2.54,152.2,95.2,0.7,238.2,710.3,2.983,85.97,153.3,219.6,241.8,98.6,ok
hdr_4k60_vp9_10bit,mpeg4_g500ms_q5,vp9,yuv420p10le,3840x2160,59.94,66.1,mpeg4,yuv420p,mp4,30,24.64,2.68,160.8,95.7,1.2,238.2,438.2,1.84,53.03,137.1,161.0,170.6,95.0,ok
hdr_4k60_vp9_10bit,av1_nvenc_g500ms,vp9,yuv420p10le,3840x2160,59.94,66.1,av1,yuv420p10le,mp4,30,8.34,7.92,474.9,27.9,92.8,238.2,292.2,1.227,35.36,150.8,226.5,255.3,69.2,ok
hdr_4k60_vp9_10bit,av1_nvenc_g1000ms,vp9,yuv420p10le,3840x2160,59.94,66.1,av1,yuv420p10le,mp4,60,8.35,7.92,474.7,27.1,99.7,238.2,284.5,1.194,34.43,187.1,379.8,631.3,70.1,ok
hdr_4k60_vp9_10bit,av1_nvenc_g500ms_p4,vp9,yuv420p10le,3840x2160,59.94,66.1,av1,yuv420p10le,mp4,30,21.88,3.02,181.1,19.4,49.0,238.2,286.6,1.203,34.68,226.8,360.5,383.6,85.0,ok
hdr_4k60_vp9_10bit,svtav1_p12_g500ms,vp9,yuv420p10le,3840x2160,59.94,66.1,av1,yuv420p10le,mp4,30,67.15,0.98,59.0,84.7,1.5,238.2,275.4,1.157,33.33,184.4,294.7,327.4,98.5,ok
hdr_4k60_vp9_10bit,vp9_rt_g500ms,vp9,yuv420p10le,3840x2160,59.94,66.1,vp9,yuv420p10le,mkv,30,71.4,0.93,55.5,70.8,1.4,238.2,398.8,1.674,48.26,267.8,391.9,422.0,144.4,ok
talk_1080p30_vp9,remux_mp4,vp9,yuv420p,1920x1080,29.97,62.53,vp9,yuv420p,mp4,-,0.05,1273.62,38170.7,-1,-1,15.2,15.3,1.002,1.95,78.5,109.5,134.3,50.5,ok
talk_1080p30_vp9,mpeg4_g250ms,vp9,yuv420p,1920x1080,29.97,62.53,mpeg4,yuv420p,mp4,7,1.85,33.85,1014.6,67.6,4.3,15.2,72.1,4.732,9.22,61.9,73.6,90.3,52.2,ok
talk_1080p30_vp9,mpeg4_g500ms,vp9,yuv420p,1920x1080,29.97,62.53,mpeg4,yuv420p,mp4,15,1.78,35.18,1054.4,63.5,2.7,15.2,49.1,3.225,6.28,59.3,67.2,72.8,49.6,ok
talk_1080p30_vp9,mpeg4_g1000ms,vp9,yuv420p,1920x1080,29.97,62.53,mpeg4,yuv420p,mp4,30,1.71,36.51,1094.4,52.6,0.0,15.2,38.9,2.556,4.98,59.4,67.9,78.5,50.8,ok
talk_1080p30_vp9,mpeg4_g500ms_q5,vp9,yuv420p,1920x1080,29.97,62.53,mpeg4,yuv420p,mp4,15,1.66,37.76,1131.7,63.6,0.0,15.2,32.9,2.161,4.21,58.6,66.5,73.1,51.6,ok
talk_1080p30_vp9,av1_nvenc_g500ms,vp9,yuv420p,1920x1080,29.97,62.53,av1,yuv420p,mp4,15,2.06,30.42,911.6,24.3,35.3,15.2,44.9,2.948,5.74,61.6,92.8,114.6,40.6,ok
talk_1080p30_vp9,av1_nvenc_g1000ms,vp9,yuv420p,1920x1080,29.97,62.53,av1,yuv420p,mp4,30,2.0,31.25,936.5,23.2,46.0,15.2,37.0,2.431,4.74,71.5,119.5,128.7,40.2,ok
talk_1080p30_vp9,av1_nvenc_g500ms_p4,vp9,yuv420p,1920x1080,29.97,62.53,av1,yuv420p,mp4,15,3.06,20.46,613.3,26.4,36.8,15.2,45.6,2.996,5.84,62.7,97.5,117.7,42.0,ok
talk_1080p30_vp9,svtav1_p12_g500ms,vp9,yuv420p,1920x1080,29.97,62.53,av1,yuv420p,mp4,15,4.55,13.74,411.7,77.6,0.2,15.2,36.4,2.387,4.65,47.1,89.1,96.6,39.5,ok
talk_1080p30_vp9,vp9_rt_g500ms,vp9,yuv420p,1920x1080,29.97,62.53,vp9,yuv420p,mkv,15,4.16,15.04,450.6,54.3,0.0,15.2,44.7,2.932,5.71,69.3,118.5,126.1,58.2,ok
